Date(UTC),UnixTimeStamp,Value,
7/30/15,1438214400,0,
7/31/15,1438300800,0,
8/1/15,1438387200,0,
8/2/15,1438473600,0,
8/3/15,1438560000,0,
8/4/15,1438646400,0,
8/5/15,1438732800,0,
8/6/15,1438819200,0,
8/7/15,1438905600,2.77,
8/8/15,1438992000,0.81,
8/9/15,1439078400,0.74,
8/10/15,1439164800,0.68,
8/11/15,1439251200,1.06,
8/12/15,1439337600,1.25,
8/13/15,1439424000,1.78,
8/14/15,1439510400,1.8,
8/15/15,1439596800,1.79,
8/16/15,1439683200,1.37,
8/17/15,1439769600,1.2,
8/18/15,1439856000,1.27,
8/19/15,1439942400,1.26,
8/20/15,1440028800,1.48,
8/21/15,1440115200,1.44,
8/22/15,1440201600,1.39,
8/23/15,1440288000,1.35,
8/24/15,1440374400,1.24,
8/25/15,1440460800,1.17,
8/26/15,1440547200,1.16,
8/27/15,1440633600,1.13,
8/28/15,1440720000,1.3,
8/29/15,1440806400,1.18,
8/30/15,1440892800,1.32,
8/31/15,1440979200,1.35,
9/1/15,1441065600,1.35,
9/2/15,1441152000,1.29,
9/3/15,1441238400,1.26,
9/4/15,1441324800,1.27,
9/5/15,1441411200,1.37,
9/6/15,1441497600,1.3,
9/7/15,1441584000,1.24,
9/8/15,1441670400,1.23,
9/9/15,1441756800,1.21,
9/10/15,1441843200,1.16,
9/11/15,1441929600,0.98,
9/12/15,1442016000,1.04,
9/13/15,1442102400,0.94,
9/14/15,1442188800,0.87,
9/15/15,1442275200,0.94,
9/16/15,1442361600,0.9,
9/17/15,1442448000,0.89,
9/18/15,1442534400,0.85,
9/19/15,1442620800,0.89,
9/20/15,1442707200,0.94,
9/21/15,1442793600,0.9,
9/22/15,1442880000,0.9,
9/23/15,1442966400,0.9,
9/24/15,1443052800,0.81,
9/25/15,1443139200,0.74,
9/26/15,1443225600,0.78,
9/27/15,1443312000,0.72,
9/28/15,1443398400,0.59,
9/29/15,1443484800,0.68,
9/30/15,1443571200,0.72,
10/1/15,1443657600,0.68,
10/2/15,1443744000,0.68,
10/3/15,1443830400,0.69,
10/4/15,1443916800,0.67,
10/5/15,1444003200,0.63,
10/6/15,1444089600,0.66,
10/7/15,1444176000,0.61,
10/8/15,1444262400,0.62,
10/9/15,1444348800,0.65,
10/10/15,1444435200,0.63,
10/11/15,1444521600,0.63,
10/12/15,1444608000,0.63,
10/13/15,1444694400,0.6,
10/14/15,1444780800,0.51,
10/15/15,1444867200,0.56,
10/16/15,1444953600,0.53,
10/17/15,1445040000,0.55,
10/18/15,1445126400,0.52,
10/19/15,1445212800,0.49,
10/20/15,1445299200,0.44,
10/21/15,1445385600,0.44,
10/22/15,1445472000,0.59,
10/23/15,1445558400,0.52,
10/24/15,1445644800,0.57,
10/25/15,1445731200,0.65,
10/26/15,1445817600,0.74,
10/27/15,1445904000,0.87,
10/28/15,1445990400,1.01,
10/29/15,1446076800,1.16,
10/30/15,1446163200,1.04,
10/31/15,1446249600,0.89,
11/1/15,1446336000,1.05,
11/2/15,1446422400,0.96,
11/3/15,1446508800,1,
11/4/15,1446595200,0.87,
11/5/15,1446681600,0.89,
11/6/15,1446768000,0.92,
11/7/15,1446854400,0.92,
11/8/15,1446940800,1.02,
11/9/15,1447027200,1,
11/10/15,1447113600,0.92,
11/11/15,1447200000,0.78,
11/12/15,1447286400,0.89,
11/13/15,1447372800,0.89,
11/14/15,1447459200,0.89,
11/15/15,1447545600,0.9,
11/16/15,1447632000,0.94,
11/17/15,1447718400,1,
11/18/15,1447804800,0.99,
11/19/15,1447891200,0.95,
11/20/15,1447977600,0.93,
11/21/15,1448064000,0.97,
11/22/15,1448150400,0.96,
11/23/15,1448236800,0.94,
11/24/15,1448323200,0.91,
11/25/15,1448409600,0.86,
11/26/15,1448496000,0.88,
11/27/15,1448582400,0.87,
11/28/15,1448668800,0.91,
11/29/15,1448755200,0.87,
11/30/15,1448841600,0.88,
12/1/15,1448928000,0.87,
12/2/15,1449014400,0.83,
12/3/15,1449100800,0.82,
12/4/15,1449187200,0.84,
12/5/15,1449273600,0.85,
12/6/15,1449360000,0.84,
12/7/15,1449446400,0.8,
12/8/15,1449532800,0.83,
12/9/15,1449619200,0.79,
12/10/15,1449705600,0.84,
12/11/15,1449792000,0.91,
12/12/15,1449878400,0.97,
12/13/15,1449964800,0.96,
12/14/15,1450051200,0.99,
12/15/15,1450137600,1.01,
12/16/15,1450224000,0.99,
12/17/15,1450310400,0.94,
12/18/15,1450396800,0.91,
12/19/15,1450483200,0.9,
12/20/15,1450569600,0.9,
12/21/15,1450656000,0.89,
12/22/15,1450742400,0.87,
12/23/15,1450828800,0.85,
12/24/15,1450915200,0.85,
12/25/15,1451001600,0.87,
12/26/15,1451088000,0.85,
12/27/15,1451174400,0.85,
12/28/15,1451260800,0.84,
12/29/15,1451347200,0.87,
12/30/15,1451433600,0.9,
12/31/15,1451520000,0.93,
1/1/16,1451606400,0.93,
1/2/16,1451692800,0.93,
1/3/16,1451779200,0.97,
1/4/16,1451865600,0.95,
1/5/16,1451952000,0.95,
1/6/16,1452038400,0.96,
1/7/16,1452124800,0.95,
1/8/16,1452211200,0.99,
1/9/16,1452297600,0.99,
1/10/16,1452384000,0.99,
1/11/16,1452470400,1.05,
1/12/16,1452556800,1.23,
1/13/16,1452643200,1.13,
1/14/16,1452729600,1.16,
1/15/16,1452816000,1.22,
1/16/16,1452902400,1.22,
1/17/16,1452988800,1.31,
1/18/16,1453075200,1.47,
1/19/16,1453161600,1.37,
1/20/16,1453248000,1.53,
1/21/16,1453334400,1.54,
1/22/16,1453420800,1.52,
1/23/16,1453507200,2.03,
1/24/16,1453593600,2.1,
1/25/16,1453680000,2.5,
1/26/16,1453766400,2.3,
1/27/16,1453852800,2.42,
1/28/16,1453939200,2.55,
1/29/16,1454025600,2.41,
1/30/16,1454112000,2.43,
1/31/16,1454198400,2.2,
2/1/16,1454284800,2.17,
2/2/16,1454371200,2.45,
2/3/16,1454457600,2.53,
2/4/16,1454544000,2.57,
2/5/16,1454630400,2.57,
2/6/16,1454716800,2.53,
2/7/16,1454803200,3,
2/8/16,1454889600,3.16,
2/9/16,1454976000,3.76,
2/10/16,1455062400,4.35,
2/11/16,1455148800,6.38,
2/12/16,1455235200,5.27,
2/13/16,1455321600,5.22,
2/14/16,1455408000,5.2,
2/15/16,1455494400,5.22,
2/16/16,1455580800,4.25,
2/17/16,1455667200,3.86,
2/18/16,1455753600,4.36,
2/19/16,1455840000,4.45,
2/20/16,1455926400,4.37,
2/21/16,1456012800,4.63,
2/22/16,1456099200,5.6,
2/23/16,1456185600,5.7,
2/24/16,1456272000,6.23,
2/25/16,1456358400,5.93,
2/26/16,1456444800,6.03,
2/27/16,1456531200,6.31,
2/28/16,1456617600,6.5,
2/29/16,1456704000,6.35,
3/1/16,1456790400,7.59,
3/2/16,1456876800,8.7,
3/3/16,1456963200,9.35,
3/4/16,1457049600,9.96,
3/5/16,1457136000,11,
3/6/16,1457222400,10.98,
3/7/16,1457308800,9.5,
3/8/16,1457395200,9.88,
3/9/16,1457481600,11.55,
3/10/16,1457568000,11.11,
3/11/16,1457654400,11.25,
3/12/16,1457740800,13.25,
3/13/16,1457827200,15,
3/14/16,1457913600,12.5,
3/15/16,1458000000,13.09,
3/16/16,1458086400,12.92,
3/17/16,1458172800,11.14,
3/18/16,1458259200,10.75,
3/19/16,1458345600,10.55,
3/20/16,1458432000,10.06,
3/21/16,1458518400,11.97,
3/22/16,1458604800,10.96,
3/23/16,1458691200,12.29,
3/24/16,1458777600,11.13,
3/25/16,1458864000,10.69,
3/26/16,1458950400,11,
3/27/16,1459036800,10.5,
3/28/16,1459123200,11.58,
3/29/16,1459209600,11.73,
3/30/16,1459296000,11.88,
3/31/16,1459382400,11.41,
4/1/16,1459468800,11.63,
4/2/16,1459555200,11.61,
4/3/16,1459641600,11.58,
4/4/16,1459728000,11.1,
4/5/16,1459814400,10.39,
4/6/16,1459900800,10.79,
4/7/16,1459987200,10.08,
4/8/16,1460073600,9.74,
4/9/16,1460160000,9.16,
4/10/16,1460246400,8.8,
4/11/16,1460332800,8.72,
4/12/16,1460419200,7.54,
4/13/16,1460505600,8.02,
4/14/16,1460592000,8.48,
4/15/16,1460678400,8.22,
4/16/16,1460764800,8.48,
4/17/16,1460851200,9.45,
4/18/16,1460937600,8.92,
4/19/16,1461024000,8.77,
4/20/16,1461110400,8.54,
4/21/16,1461196800,8.16,
4/22/16,1461283200,7.83,
4/23/16,1461369600,8.31,
4/24/16,1461456000,8,
4/25/16,1461542400,7.43,
4/26/16,1461628800,7.5,
4/27/16,1461715200,7.77,
4/28/16,1461801600,7.3,
4/29/16,1461888000,7.52,
4/30/16,1461974400,8.83,
5/1/16,1462060800,8.76,
5/2/16,1462147200,10.03,
5/3/16,1462233600,9.37,
5/4/16,1462320000,9.43,
5/5/16,1462406400,9.79,
5/6/16,1462492800,9.27,
5/7/16,1462579200,9.3,
5/8/16,1462665600,9.44,
5/9/16,1462752000,9.32,
5/10/16,1462838400,9.39,
5/11/16,1462924800,9.97,
5/12/16,1463011200,10.1,
5/13/16,1463097600,10.48,
5/14/16,1463184000,10.14,
5/15/16,1463270400,9.94,
5/16/16,1463356800,11.04,
5/17/16,1463443200,12.26,
5/18/16,1463529600,13.29,
5/19/16,1463616000,14.49,
5/20/16,1463702400,13.73,
5/21/16,1463788800,13.95,
5/22/16,1463875200,14.21,
5/23/16,1463961600,13.45,
5/24/16,1464048000,12.62,
5/25/16,1464134400,12.53,
5/26/16,1464220800,12.37,
5/27/16,1464307200,11.11,
5/28/16,1464393600,11.56,
5/29/16,1464480000,12.28,
5/30/16,1464566400,12.48,
5/31/16,1464652800,13.85,
6/1/16,1464739200,13.83,
6/2/16,1464825600,13.78,
6/3/16,1464912000,13.78,
6/4/16,1464998400,13.66,
6/5/16,1465084800,13.85,
6/6/16,1465171200,13.96,
6/7/16,1465257600,14.41,
6/8/16,1465344000,14.44,
6/9/16,1465430400,14.49,
6/10/16,1465516800,13.97,
6/11/16,1465603200,14.01,
6/12/16,1465689600,15.57,
6/13/16,1465776000,17.55,
6/14/16,1465862400,18.7,
6/15/16,1465948800,18.3,
6/16/16,1466035200,20.61,
6/17/16,1466121600,15.49,
6/18/16,1466208000,11.36,
6/19/16,1466294400,12.33,
6/20/16,1466380800,11.7,
6/21/16,1466467200,12.71,
6/22/16,1466553600,13.21,
6/23/16,1466640000,13.58,
6/24/16,1466726400,14.25,
6/25/16,1466812800,14.28,
6/26/16,1466899200,13.82,
6/27/16,1466985600,14.04,
6/28/16,1467072000,12.15,
6/29/16,1467158400,12.76,
6/30/16,1467244800,12.4,
7/1/16,1467331200,12.23,
7/2/16,1467417600,12.04,
7/3/16,1467504000,11.85,
7/4/16,1467590400,11.34,
7/5/16,1467676800,10.45,
7/6/16,1467763200,10.51,
7/7/16,1467849600,10.07,
7/8/16,1467936000,11.3,
7/9/16,1468022400,10.92,
7/10/16,1468108800,10.97,
7/11/16,1468195200,10.58,
7/12/16,1468281600,10.54,
7/13/16,1468368000,10.44,
7/14/16,1468454400,11.55,
7/15/16,1468540800,11.88,
7/16/16,1468627200,11.59,
7/17/16,1468713600,11.19,
7/18/16,1468800000,11.03,
7/19/16,1468886400,11.63,
7/20/16,1468972800,12.54,
7/21/16,1469059200,12.66,
7/22/16,1469145600,14.82,
7/23/16,1469232000,14.4,
7/24/16,1469318400,12.63,
7/25/16,1469404800,13.84,
7/26/16,1469491200,12.08,
7/27/16,1469577600,13.05,
7/28/16,1469664000,12.87,
7/29/16,1469750400,12.87,
7/30/16,1469836800,12.57,
7/31/16,1469923200,11.86,
8/1/16,1470009600,11.04,
8/2/16,1470096000,8.3,
8/3/16,1470182400,10.42,
8/4/16,1470268800,11.21,
8/5/16,1470355200,11.05,
8/6/16,1470441600,10.95,
8/7/16,1470528000,10.98,
8/8/16,1470614400,11.29,
8/9/16,1470700800,12.22,
8/10/16,1470787200,12.22,
8/11/16,1470873600,11.68,
8/12/16,1470960000,11.78,
8/13/16,1471046400,11.56,
8/14/16,1471132800,11.21,
8/15/16,1471219200,11.21,
8/16/16,1471305600,11.17,
8/17/16,1471392000,10.77,
8/18/16,1471478400,10.77,
8/19/16,1471564800,10.71,
8/20/16,1471651200,11.28,
8/21/16,1471737600,11.14,
8/22/16,1471824000,11.07,
8/23/16,1471910400,11.01,
8/24/16,1471996800,11.01,
8/25/16,1472083200,11.35,
8/26/16,1472169600,11.26,
8/27/16,1472256000,11.19,
8/28/16,1472342400,10.99,
8/29/16,1472428800,10.95,
8/30/16,1472515200,11.21,
8/31/16,1472601600,11.55,
9/1/16,1472688000,12.21,
9/2/16,1472774400,12.08,
9/3/16,1472860800,11.85,
9/4/16,1472947200,11.71,
9/5/16,1473033600,11.75,
9/6/16,1473120000,11.7,
9/7/16,1473206400,11.59,
9/8/16,1473292800,11.39,
9/9/16,1473379200,11.72,
9/10/16,1473465600,12.05,
9/11/16,1473552000,11.64,
9/12/16,1473638400,11.89,
9/13/16,1473724800,11.92,
9/14/16,1473811200,11.97,
9/15/16,1473897600,11.96,
9/16/16,1473984000,12.61,
9/17/16,1474070400,12.83,
9/18/16,1474156800,12.39,
9/19/16,1474243200,12.93,
9/20/16,1474329600,14.72,
9/21/16,1474416000,13.72,
9/22/16,1474502400,13.11,
9/23/16,1474588800,13.36,
9/24/16,1474675200,12.91,
9/25/16,1474761600,13.05,
9/26/16,1474848000,12.89,
9/27/16,1474934400,13.09,
9/28/16,1475020800,13.3,
9/29/16,1475107200,13.17,
9/30/16,1475193600,13.24,
10/1/16,1475280000,13.21,
10/2/16,1475366400,13.23,
10/3/16,1475452800,13.45,
10/4/16,1475539200,13.32,
10/5/16,1475625600,13.09,
10/6/16,1475712000,12.87,
10/7/16,1475798400,12.68,
10/8/16,1475884800,12.24,
10/9/16,1475971200,12.06,
10/10/16,1476057600,11.74,
10/11/16,1476144000,11.75,
10/12/16,1476230400,11.77,
10/13/16,1476316800,12.02,
10/14/16,1476403200,11.9,
10/15/16,1476489600,11.96,
10/16/16,1476576000,11.93,
10/17/16,1476662400,11.98,
10/18/16,1476748800,12.5,
10/19/16,1476835200,11.98,
10/20/16,1476921600,12.05,
10/21/16,1477008000,12.07,
10/22/16,1477094400,12.06,
10/23/16,1477180800,11.95,
10/24/16,1477267200,11.93,
10/25/16,1477353600,11.38,
10/26/16,1477440000,11.5,
10/27/16,1477526400,11.43,
10/28/16,1477612800,11.08,
10/29/16,1477699200,10.39,
10/30/16,1477785600,11.22,
10/31/16,1477872000,10.91,
11/1/16,1477958400,10.75,
11/2/16,1478044800,10.82,
11/3/16,1478131200,10.86,
11/4/16,1478217600,11.13,
11/5/16,1478304000,11.11,
11/6/16,1478390400,10.97,
11/7/16,1478476800,10.9,
11/8/16,1478563200,10.86,
11/9/16,1478649600,10.64,
11/10/16,1478736000,10.52,
11/11/16,1478822400,10.29,
11/12/16,1478908800,9.96,
11/13/16,1478995200,10.13,
11/14/16,1479081600,10,
11/15/16,1479168000,10.22,
11/16/16,1479254400,10.01,
11/17/16,1479340800,9.95,
11/18/16,1479427200,9.53,
11/19/16,1479513600,9.7,
11/20/16,1479600000,9.57,
11/21/16,1479686400,9.56,
11/22/16,1479772800,9.84,
11/23/16,1479859200,9.78,
11/24/16,1479945600,9.22,
11/25/16,1480032000,9.39,
11/26/16,1480118400,9.34,
11/27/16,1480204800,8.91,
11/28/16,1480291200,8.67,
11/29/16,1480377600,8.18,
11/30/16,1480464000,8.59,
12/1/16,1480550400,8.44,
12/2/16,1480636800,7.65,
12/3/16,1480723200,7.9,
12/4/16,1480809600,7.54,
12/5/16,1480896000,6.69,
12/6/16,1480982400,7.61,
12/7/16,1481068800,8.35,
12/8/16,1481155200,8.3,
12/9/16,1481241600,8.52,
12/10/16,1481328000,8.09,
12/11/16,1481414400,8.2,
12/12/16,1481500800,8.45,
12/13/16,1481587200,8.4,
12/14/16,1481673600,8.23,
12/15/16,1481760000,7.76,
12/16/16,1481846400,7.85,
12/17/16,1481932800,7.66,
12/18/16,1482019200,7.89,
12/19/16,1482105600,7.61,
12/20/16,1482192000,7.59,
12/21/16,1482278400,7.87,
12/22/16,1482364800,7.64,
12/23/16,1482451200,7.16,
12/24/16,1482537600,7.23,
12/25/16,1482624000,7.19,
12/26/16,1482710400,7.21,
12/27/16,1482796800,7.15,
12/28/16,1482883200,7.57,
12/29/16,1482969600,8.21,
12/30/16,1483056000,8.16,
12/31/16,1483142400,8.05,
1/1/17,1483228800,8.14,
1/2/17,1483315200,8.34,
1/3/17,1483401600,9.6,
1/4/17,1483488000,10.88,
1/5/17,1483574400,10.2,
1/6/17,1483660800,10.07,
1/7/17,1483747200,9.79,
1/8/17,1483833600,10.27,
1/9/17,1483920000,10.2,
1/10/17,1484006400,10.55,
1/11/17,1484092800,9.83,
1/12/17,1484179200,9.81,
1/13/17,1484265600,9.78,
1/14/17,1484352000,9.78,
1/15/17,1484438400,9.88,
1/16/17,1484524800,9.59,
1/17/17,1484611200,10.14,
1/18/17,1484697600,10.19,
1/19/17,1484784000,10.43,
1/20/17,1484870400,10.6,
1/21/17,1484956800,10.91,
1/22/17,1485043200,10.71,
1/23/17,1485129600,10.78,
1/24/17,1485216000,10.51,
1/25/17,1485302400,10.51,
1/26/17,1485388800,10.65,
1/27/17,1485475200,10.51,
1/28/17,1485561600,10.54,
1/29/17,1485648000,10.47,
1/30/17,1485734400,10.62,
1/31/17,1485820800,10.71,
2/1/17,1485907200,10.71,
2/2/17,1485993600,10.78,
2/3/17,1486080000,10.95,
2/4/17,1486166400,11.32,
2/5/17,1486252800,11.22,
2/6/17,1486339200,11.32,
2/7/17,1486425600,11.45,
2/8/17,1486512000,11.39,
2/9/17,1486598400,10.94,
2/10/17,1486684800,11.34,
2/11/17,1486771200,11.43,
2/12/17,1486857600,11.42,
2/13/17,1486944000,11.39,
2/14/17,1487030400,13,
2/15/17,1487116800,12.97,
2/16/17,1487203200,12.95,
2/17/17,1487289600,12.72,
2/18/17,1487376000,12.83,
2/19/17,1487462400,12.82,
2/20/17,1487548800,12.52,
2/21/17,1487635200,12.77,
2/22/17,1487721600,12.69,
2/23/17,1487808000,13.13,
2/24/17,1487894400,13.11,
2/25/17,1487980800,13.57,
2/26/17,1488067200,14.59,
2/27/17,1488153600,15.55,
2/28/17,1488240000,16.07,
3/1/17,1488326400,17.55,
3/2/17,1488412800,19.08,
3/3/17,1488499200,19.48,
3/4/17,1488585600,18.61,
3/5/17,1488672000,19.22,
3/6/17,1488758400,19.75,
3/7/17,1488844800,18.91,
3/8/17,1488931200,16.54,
3/9/17,1489017600,17.71,
3/10/17,1489104000,19.13,
3/11/17,1489190400,21.45,
3/12/17,1489276800,23.31,
3/13/17,1489363200,28.45,
3/14/17,1489449600,28.58,
3/15/17,1489536000,35.18,
3/16/17,1489622400,45.51,
3/17/17,1489708800,44.48,
3/18/17,1489795200,34,
3/19/17,1489881600,43.12,
3/20/17,1489968000,42.51,
3/21/17,1490054400,42.67,
3/22/17,1490140800,41.65,
3/23/17,1490227200,43.2,
3/24/17,1490313600,53.19,
3/25/17,1490400000,50.62,
3/26/17,1490486400,50.63,
3/27/17,1490572800,49.06,
3/28/17,1490659200,50.25,
3/29/17,1490745600,53.07,
3/30/17,1490832000,51.91,
3/31/17,1490918400,49.91,
4/1/17,1491004800,50.6,
4/2/17,1491091200,48.55,
4/3/17,1491177600,44.13,
4/4/17,1491264000,44.43,
4/5/17,1491350400,44.9,
4/6/17,1491436800,43.23,
4/7/17,1491523200,42.31,
4/8/17,1491609600,44.37,
4/9/17,1491696000,43.72,
4/10/17,1491782400,43.74,
4/11/17,1491868800,43.74,
4/12/17,1491955200,46.38,
4/13/17,1492041600,49.97,
4/14/17,1492128000,47.32,
4/15/17,1492214400,48.89,
4/16/17,1492300800,48.22,
4/17/17,1492387200,47.94,
4/18/17,1492473600,49.88,
4/19/17,1492560000,47.88,
4/20/17,1492646400,49.36,
4/21/17,1492732800,48.27,
4/22/17,1492819200,48.41,
4/23/17,1492905600,48.75,
4/24/17,1492992000,49.94,
4/25/17,1493078400,50.09,
4/26/17,1493164800,53.28,
4/27/17,1493251200,63.14,
4/28/17,1493337600,72.42,
4/29/17,1493424000,69.83,
4/30/17,1493510400,79.83,
5/1/17,1493596800,77.53,
5/2/17,1493683200,77.25,
5/3/17,1493769600,80.37,
5/4/17,1493856000,94.55,
5/5/17,1493942400,90.79,
5/6/17,1494028800,94.82,
5/7/17,1494115200,90.46,
5/8/17,1494201600,88.39,
5/9/17,1494288000,86.27,
5/10/17,1494374400,87.83,
5/11/17,1494460800,88.2,
5/12/17,1494547200,85.15,
5/13/17,1494633600,87.96,
5/14/17,1494720000,88.72,
5/15/17,1494806400,90.32,
5/16/17,1494892800,87.8,
5/17/17,1494979200,86.98,
5/18/17,1495065600,95.88,
5/19/17,1495152000,124.38,
5/20/17,1495238400,123.06,
5/21/17,1495324800,148,
5/22/17,1495411200,160.39,
5/23/17,1495497600,169.5,
5/24/17,1495584000,193.03,
5/25/17,1495670400,177.33,
5/26/17,1495756800,162.83,
5/27/17,1495843200,156.63,
5/28/17,1495929600,172.86,
5/29/17,1496016000,194.17,
5/30/17,1496102400,228.58,
5/31/17,1496188800,228.64,
6/1/17,1496275200,220.7,
6/2/17,1496361600,222.04,
6/3/17,1496448000,224.3,
6/4/17,1496534400,244.96,
6/5/17,1496620800,247.75,
6/6/17,1496707200,264.26,
6/7/17,1496793600,255.77,
6/8/17,1496880000,259.41,
6/9/17,1496966400,279.11,
6/10/17,1497052800,335.95,
6/11/17,1497139200,339.68,
6/12/17,1497225600,394.66,
6/13/17,1497312000,388.09,
6/14/17,1497398400,343.84,
6/15/17,1497484800,344.68,
6/16/17,1497571200,353.61,
6/17/17,1497657600,368.1,
6/18/17,1497744000,351.53,
6/19/17,1497830400,358.2,
6/20/17,1497916800,350.53,
6/21/17,1498003200,325.3,
6/22/17,1498089600,320.97,
6/23/17,1498176000,326.85,
6/24/17,1498262400,304.54,
6/25/17,1498348800,279.36,
6/26/17,1498435200,253.68,
6/27/17,1498521600,286.14,
6/28/17,1498608000,315.86,
6/29/17,1498694400,292.9,
6/30/17,1498780800,280.68,
7/1/17,1498867200,261,
7/2/17,1498953600,283.99,
7/3/17,1499040000,276.41,
7/4/17,1499126400,269.05,
7/5/17,1499212800,266,
7/6/17,1499299200,265.88,
7/7/17,1499385600,240.94,
7/8/17,1499472000,245.67,
7/9/17,1499558400,237.72,
7/10/17,1499644800,205.76,
7/11/17,1499731200,190.55,
7/12/17,1499817600,224.15,
7/13/17,1499904000,205.41,
7/14/17,1499990400,197.14,
7/15/17,1500076800,169.1,
7/16/17,1500163200,155.42,
7/17/17,1500249600,189.97,
7/18/17,1500336000,227.09,
7/19/17,1500422400,194.41,
7/20/17,1500508800,226.33,
7/21/17,1500595200,216.33,
7/22/17,1500681600,230.47,
7/23/17,1500768000,228.32,
7/24/17,1500854400,225.48,
7/25/17,1500940800,203.59,
7/26/17,1501027200,202.88,
7/27/17,1501113600,202.93,
7/28/17,1501200000,191.21,
7/29/17,1501286400,206.14,
7/30/17,1501372800,196.78,
7/31/17,1501459200,201.33,
8/1/17,1501545600,225.9,
8/2/17,1501632000,218.12,
8/3/17,1501718400,224.39,
8/4/17,1501804800,220.6,
8/5/17,1501891200,253.09,
8/6/17,1501977600,264.56,
8/7/17,1502064000,269.94,
8/8/17,1502150400,296.51,
8/9/17,1502236800,295.28,
8/10/17,1502323200,298.28,
8/11/17,1502409600,309.32,
8/12/17,1502496000,308.02,
8/13/17,1502582400,296.62,
8/14/17,1502668800,299.16,
8/15/17,1502755200,286.52,
8/16/17,1502841600,301.38,
8/17/17,1502928000,300.3,
8/18/17,1503014400,292.62,
8/19/17,1503100800,293.02,
8/20/17,1503187200,298.2,
8/21/17,1503273600,321.85,
8/22/17,1503360000,313.37,
8/23/17,1503446400,317.4,
8/24/17,1503532800,325.28,
8/25/17,1503619200,330.06,
8/26/17,1503705600,332.86,
8/27/17,1503792000,347.88,
8/28/17,1503878400,347.66,
8/29/17,1503964800,372.35,
8/30/17,1504051200,383.86,
8/31/17,1504137600,388.33,
9/1/17,1504224000,391.42,
9/2/17,1504310400,351.03,
9/3/17,1504396800,352.45,
9/4/17,1504483200,303.7,
9/5/17,1504569600,317.94,
9/6/17,1504656000,338.92,
9/7/17,1504742400,335.37,
9/8/17,1504828800,306.72,
9/9/17,1504915200,303.79,
9/10/17,1505001600,299.21,
9/11/17,1505088000,297.95,
9/12/17,1505174400,294.1,
9/13/17,1505260800,275.84,
9/14/17,1505347200,223.14,
9/15/17,1505433600,259.57,
9/16/17,1505520000,254.49,
9/17/17,1505606400,258.4,
9/18/17,1505692800,297.53,
9/19/17,1505779200,283,
9/20/17,1505865600,283.56,
9/21/17,1505952000,257.77,
9/22/17,1506038400,262.94,
9/23/17,1506124800,286.14,
9/24/17,1506211200,282.6,
9/25/17,1506297600,294.89,
9/26/17,1506384000,288.64,
9/27/17,1506470400,309.97,
9/28/17,1506556800,302.77,
9/29/17,1506643200,292.58,
9/30/17,1506729600,302.77,
10/1/17,1506816000,303.95,
10/2/17,1506902400,296.81,
10/3/17,1506988800,291.81,
10/4/17,1507075200,291.68,
10/5/17,1507161600,294.99,
10/6/17,1507248000,308.33,
10/7/17,1507334400,311.26,
10/8/17,1507420800,309.49,
10/9/17,1507507200,296.95,
10/10/17,1507593600,298.46,
10/11/17,1507680000,302.86,
10/12/17,1507766400,302.89,
10/13/17,1507852800,336.83,
10/14/17,1507939200,338.81,
10/15/17,1508025600,336.58,
10/16/17,1508112000,334.23,
10/17/17,1508198400,316.14,
10/18/17,1508284800,313.54,
10/19/17,1508371200,307.41,
10/20/17,1508457600,303.08,
10/21/17,1508544000,299.55,
10/22/17,1508630400,294.03,
10/23/17,1508716800,285.27,
10/24/17,1508803200,296.5,
10/25/17,1508889600,296.35,
10/26/17,1508976000,295.54,
10/27/17,1509062400,296.36,
10/28/17,1509148800,293.35,
10/29/17,1509235200,304.04,
10/30/17,1509321600,306.8,
10/31/17,1509408000,303.64,
11/1/17,1509494400,289.42,
11/2/17,1509580800,284.92,
11/3/17,1509667200,304.51,
11/4/17,1509753600,300.04,
11/5/17,1509840000,296.23,
11/6/17,1509926400,296.82,
11/7/17,1510012800,291.84,
11/8/17,1510099200,307.35,
11/9/17,1510185600,319.66,
11/10/17,1510272000,296.86,
11/11/17,1510358400,314.23,
11/12/17,1510444800,306.02,
11/13/17,1510531200,314.6,
11/14/17,1510617600,334.72,
11/15/17,1510704000,331.2,
11/16/17,1510790400,330.32,
11/17/17,1510876800,331.72,
11/18/17,1510963200,346.65,
11/19/17,1511049600,354.6,
11/20/17,1511136000,367.71,
11/21/17,1511222400,360.52,
11/22/17,1511308800,380.84,
11/23/17,1511395200,406.57,
11/24/17,1511481600,470.43,
11/25/17,1511568000,464.61,
11/26/17,1511654400,470.54,
11/27/17,1511740800,475.24,
11/28/17,1511827200,466.27,
11/29/17,1511913600,427.42,
11/30/17,1512000000,434.85,
12/1/17,1512086400,461.58,
12/2/17,1512172800,457.96,
12/3/17,1512259200,462.81,
12/4/17,1512345600,466.93,
12/5/17,1512432000,453.96,
12/6/17,1512518400,422.48,
12/7/17,1512604800,421.15,
12/8/17,1512691200,451.74,
12/9/17,1512777600,472.86,
12/10/17,1512864000,436.49,
12/11/17,1512950400,513.29,
12/12/17,1513036800,656.52,
12/13/17,1513123200,699.09,
12/14/17,1513209600,693.58,
12/15/17,1513296000,684.27,
12/16/17,1513382400,692.83,
12/17/17,1513468800,717.71,
12/18/17,1513555200,785.99,
12/19/17,1513641600,812.5,
12/20/17,1513728000,799.17,
12/21/17,1513814400,789.39,
12/22/17,1513900800,657.83,
12/23/17,1513987200,700.44,
12/24/17,1514073600,675.91,
12/25/17,1514160000,723.14,
12/26/17,1514246400,753.4,
12/27/17,1514332800,739.94,
12/28/17,1514419200,716.69,
12/29/17,1514505600,739.6,
12/30/17,1514592000,692.99,
12/31/17,1514678400,741.13,
1/1/18,1514764800,756.2,
1/2/18,1514851200,861.97,
1/3/18,1514937600,941.1,
1/4/18,1515024000,944.83,
1/5/18,1515110400,967.13,
1/6/18,1515196800,1006.41,
1/7/18,1515283200,1117.75,
1/8/18,1515369600,1136.11,
1/9/18,1515456000,1289.24,
1/10/18,1515542400,1248.99,
1/11/18,1515628800,1139.32,
1/12/18,1515715200,1261.03,
1/13/18,1515801600,1385.02,
1/14/18,1515888000,1359.48,
1/15/18,1515974400,1278.69,
1/16/18,1516060800,1050.26,
1/17/18,1516147200,1024.69,
1/18/18,1516233600,1012.97,
1/19/18,1516320000,1037.36,
1/20/18,1516406400,1150.5,
1/21/18,1516492800,1049.09,
1/22/18,1516579200,999.64,
1/23/18,1516665600,984.47,
1/24/18,1516752000,1061.78,
1/25/18,1516838400,1046.37,
1/26/18,1516924800,1048.58,
1/27/18,1517011200,1109.08,
1/28/18,1517097600,1231.58,
1/29/18,1517184000,1169.96,
1/30/18,1517270400,1063.75,
1/31/18,1517356800,1111.31,
2/1/18,1517443200,1026.19,
2/2/18,1517529600,917.47,
2/3/18,1517616000,970.87,
2/4/18,1517702400,827.59,
2/5/18,1517788800,695.08,
2/6/18,1517875200,785.01,
2/7/18,1517961600,751.81,
2/8/18,1518048000,813.55,
2/9/18,1518134400,877.88,
2/10/18,1518220800,850.75,
2/11/18,1518307200,811.24,
2/12/18,1518393600,865.27,
2/13/18,1518480000,840.98,
2/14/18,1518566400,920.11,
2/15/18,1518652800,927.95,
2/16/18,1518739200,938.02,
2/17/18,1518825600,974.77,
2/18/18,1518912000,913.9,
2/19/18,1518998400,939.79,
2/20/18,1519084800,885.52,
2/21/18,1519171200,840.1,
2/22/18,1519257600,804.63,
2/23/18,1519344000,854.7,
2/24/18,1519430400,833.49,
2/25/18,1519516800,840.28,
2/26/18,1519603200,867.62,
2/27/18,1519689600,871.58,
2/28/18,1519776000,851.5,
3/1/18,1519862400,869.87,
3/2/18,1519948800,855.6,
3/3/18,1520035200,855.65,
3/4/18,1520121600,864.83,
3/5/18,1520208000,849.42,
3/6/18,1520294400,815.69,
3/7/18,1520380800,751.13,
3/8/18,1520467200,698.83,
3/9/18,1520553600,726.92,
3/10/18,1520640000,682.3,
3/11/18,1520726400,720.36,
3/12/18,1520812800,697.02,
3/13/18,1520899200,689.96,
3/14/18,1520985600,613.15,
3/15/18,1521072000,610.56,
3/16/18,1521158400,600.53,
3/17/18,1521244800,549.79,
3/18/18,1521331200,537.38,
3/19/18,1521417600,555.55,
3/20/18,1521504000,557.57,
3/21/18,1521590400,559.91,
3/22/18,1521676800,539.89,
3/23/18,1521763200,543.83,
3/24/18,1521849600,520.16,
3/25/18,1521936000,523.01,
3/26/18,1522022400,486.25,
3/27/18,1522108800,448.78,
3/28/18,1522195200,445.93,
3/29/18,1522281600,383.9,
3/30/18,1522368000,393.82,
3/31/18,1522454400,394.07,
4/1/18,1522540800,378.85,
4/2/18,1522627200,384.68,
4/3/18,1522713600,415.93,
4/4/18,1522800000,378.65,
4/5/18,1522886400,381.36,
4/6/18,1522972800,370.35,
4/7/18,1523059200,384.98,
4/8/18,1523145600,400.72,
4/9/18,1523232000,399.02,
4/10/18,1523318400,415.65,
4/11/18,1523404800,430.42,
4/12/18,1523491200,493.95,
4/13/18,1523577600,494.96,
4/14/18,1523664000,502.79,
4/15/18,1523750400,534.15,
4/16/18,1523836800,511.67,
4/17/18,1523923200,503.03,
4/18/18,1524009600,525.78,
4/19/18,1524096000,567.25,
4/20/18,1524182400,617.16,
4/21/18,1524268800,605.17,
4/22/18,1524355200,621.33,
4/23/18,1524441600,644.13,
4/24/18,1524528000,703.35,
4/25/18,1524614400,617.73,
4/26/18,1524700800,661.45,
4/27/18,1524787200,643.33,
4/28/18,1524873600,683.02,
4/29/18,1524960000,689.31,
4/30/18,1525046400,670.04,
5/1/18,1525132800,670.81,
5/2/18,1525219200,686.74,
5/3/18,1525305600,777.62,
5/4/18,1525392000,784.21,
5/5/18,1525478400,816.58,
5/6/18,1525564800,790.39,
5/7/18,1525651200,752.4,
5/8/18,1525737600,747.79,
5/9/18,1525824000,751.27,
5/10/18,1525910400,723.61,
5/11/18,1525996800,677.8,
5/12/18,1526083200,683.64,
5/13/18,1526169600,729.34,
5/14/18,1526256000,727.41,
5/15/18,1526342400,705.64,
5/16/18,1526428800,706.72,
5/17/18,1526515200,668.38,
5/18/18,1526601600,693.57,
5/19/18,1526688000,696.05,
5/20/18,1526774400,715.15,
5/21/18,1526860800,696.73,
5/22/18,1526947200,640.84,
5/23/18,1527033600,577.01,
5/24/18,1527120000,602.59,
5/25/18,1527206400,584.77,
5/26/18,1527292800,585.76,
5/27/18,1527379200,569.64,
5/28/18,1527465600,512.03,
5/29/18,1527552000,566.59,
5/30/18,1527638400,557.12,
5/31/18,1527724800,577.23,
6/1/18,1527811200,579.01,
6/2/18,1527897600,590.53,
6/3/18,1527984000,619.04,
6/4/18,1528070400,591.31,
6/5/18,1528156800,608.23,
6/6/18,1528243200,606.3,
6/7/18,1528329600,604.44,
6/8/18,1528416000,599.55,
6/9/18,1528502400,593.38,
6/10/18,1528588800,524.74,
6/11/18,1528675200,531.15,
6/12/18,1528761600,494.53,
6/13/18,1528848000,476.3,
6/14/18,1528934400,519.83,
6/15/18,1529020800,487.51,
6/16/18,1529107200,497.22,
6/17/18,1529193600,496.74,
6/18/18,1529280000,517.63,
6/19/18,1529366400,538.45,
6/20/18,1529452800,536.16,
6/21/18,1529539200,525.77,
6/22/18,1529625600,462.16,
6/23/18,1529712000,474.18,
6/24/18,1529798400,455.25,
6/25/18,1529884800,458.82,
6/26/18,1529971200,429.58,
6/27/18,1530057600,441.75,
6/28/18,1530144000,420.72,
6/29/18,1530230400,435.25,
6/30/18,1530316800,453.42,
7/1/18,1530403200,451.95,
7/2/18,1530489600,476.58,
7/3/18,1530576000,461.95,
7/4/18,1530662400,467.19,
7/5/18,1530748800,467.55,
7/6/18,1530835200,469.93,
7/7/18,1530921600,485.81,
7/8/18,1531008000,486.19,
7/9/18,1531094400,471.48,
7/10/18,1531180800,432.69,
7/11/18,1531267200,445.59,
7/12/18,1531353600,430.91,
7/13/18,1531440000,432.46,
7/14/18,1531526400,433.74,
7/15/18,1531612800,449.62,
7/16/18,1531699200,478.75,
7/17/18,1531785600,499.06,
7/18/18,1531872000,479.02,
7/19/18,1531958400,468.65,
7/20/18,1532044800,448.84,
7/21/18,1532131200,461.04,
7/22/18,1532217600,457.65,
7/23/18,1532304000,449.63,
7/24/18,1532390400,479.47,
7/25/18,1532476800,471.28,
7/26/18,1532563200,462.03,
7/27/18,1532649600,469.69,
7/28/18,1532736000,468.55,
7/29/18,1532822400,466.2,
7/30/18,1532908800,456.56,
7/31/18,1532995200,431.99,
8/1/18,1533081600,419.87,
8/2/18,1533168000,410.83,
8/3/18,1533254400,417.62,
8/4/18,1533340800,406.91,
8/5/18,1533427200,408.81,
8/6/18,1533513600,404.95,
8/7/18,1533600000,377.94,
8/8/18,1533686400,355.57,
8/9/18,1533772800,363.51,
8/10/18,1533859200,331.57,
8/11/18,1533945600,318.01,
8/12/18,1534032000,318.2,
8/13/18,1534118400,284.03,
8/14/18,1534204800,278.31,
8/15/18,1534291200,281.24,
8/16/18,1534377600,286.8,
8/17/18,1534464000,317.57,
8/18/18,1534550400,294.85,
8/19/18,1534636800,299.62,
8/20/18,1534723200,270.81,
8/21/18,1534809600,281.13,
8/22/18,1534896000,270.37,
8/23/18,1534982400,275.83,
8/24/18,1535068800,281.37,
8/25/18,1535155200,277.56,
8/26/18,1535241600,274.3,
8/27/18,1535328000,288.02,
8/28/18,1535414400,295.55,
8/29/18,1535500800,288.67,
8/30/18,1535587200,284.15,
8/31/18,1535673600,281.66,
9/1/18,1535760000,295.36,
9/2/18,1535846400,295.02,
9/3/18,1535932800,288.97,
9/4/18,1536019200,285.23,
9/5/18,1536105600,228.27,
9/6/18,1536192000,229.52,
9/7/18,1536278400,215.14,
9/8/18,1536364800,196.77,
9/9/18,1536451200,195.99,
9/10/18,1536537600,197.14,
9/11/18,1536624000,185.15,
9/12/18,1536710400,183.03,
9/13/18,1536796800,211.27,
9/14/18,1536883200,208.87,
9/15/18,1536969600,221.63,
9/16/18,1537056000,220.12,
9/17/18,1537142400,196.04,
9/18/18,1537228800,208.39,
9/19/18,1537315200,209.78,
9/20/18,1537401600,224.76,
9/21/18,1537488000,247.69,
9/22/18,1537574400,240.78,
9/23/18,1537660800,244.55,
9/24/18,1537747200,227.92,
9/25/18,1537833600,219.2,
9/26/18,1537920000,214.21,
9/27/18,1538006400,229.09,
9/28/18,1538092800,221.56,
9/29/18,1538179200,231.32,
9/30/18,1538265600,232.6,
10/1/18,1538352000,230.89,
10/2/18,1538438400,225.41,
10/3/18,1538524800,219.97,
10/4/18,1538611200,221.76,
10/5/18,1538697600,227.9,
10/6/18,1538784000,224.62,
10/7/18,1538870400,225.65,
10/8/18,1538956800,229.33,
10/9/18,1539043200,227.49,
10/10/18,1539129600,225.26,
10/11/18,1539216000,189.83,
10/12/18,1539302400,195.97,
10/13/18,1539388800,199.45,
10/14/18,1539475200,194.99,
10/15/18,1539561600,210.8,
10/16/18,1539648000,210.22,
10/17/18,1539734400,207.6,
10/18/18,1539820800,202.49,
10/19/18,1539907200,202.86,
10/20/18,1539993600,205.08,
10/21/18,1540080000,204.77,
10/22/18,1540166400,203.6,
10/23/18,1540252800,203.7,
10/24/18,1540339200,202.92,
10/25/18,1540425600,201.23,
10/26/18,1540512000,203.37,
10/27/18,1540598400,202.79,
10/28/18,1540684800,203.72,
10/29/18,1540771200,195.67,
10/30/18,1540857600,196.19,
10/31/18,1540944000,197.85,
11/1/18,1541030400,198.73,
11/2/18,1541116800,201.02,
11/3/18,1541203200,199.47,
11/4/18,1541289600,211.3,
11/5/18,1541376000,209.7,
11/6/18,1541462400,219.56,
11/7/18,1541548800,217.99,
11/8/18,1541635200,211.29,
11/9/18,1541721600,209.39,
11/10/18,1541808000,211.9,
11/11/18,1541894400,211.7,
11/12/18,1541980800,210.81,
11/13/18,1542067200,206.42,
11/14/18,1542153600,182.72,
11/15/18,1542240000,181.53,
11/16/18,1542326400,174.84,
11/17/18,1542412800,174.22,
11/18/18,1542499200,177.53,
11/19/18,1542585600,148.22,
11/20/18,1542672000,130.74,
11/21/18,1542758400,136.5,
11/22/18,1542844800,124.83,
11/23/18,1542931200,123.37,
11/24/18,1543017600,112.75,
11/25/18,1543104000,116.75,
11/26/18,1543190400,108.87,
11/27/18,1543276800,110.19,
11/28/18,1543363200,122.88,
11/29/18,1543449600,117.48,
11/30/18,1543536000,112.87,
12/1/18,1543622400,118.5,
12/2/18,1543708800,115.96,
12/3/18,1543795200,108.23,
12/4/18,1543881600,109.82,
12/5/18,1543968000,101.57,
12/6/18,1544054400,90.43,
12/7/18,1544140800,93.61,
12/8/18,1544227200,91.44,
12/9/18,1544313600,94.42,
12/10/18,1544400000,90.7,
12/11/18,1544486400,88.05,
12/12/18,1544572800,90.52,
12/13/18,1544659200,86.39,
12/14/18,1544745600,83.9,
12/15/18,1544832000,84.27,
12/16/18,1544918400,85.39,
12/17/18,1545004800,95.44,
12/18/18,1545091200,102.44,
12/19/18,1545177600,100.63,
12/20/18,1545264000,116.43,
12/21/18,1545350400,109.44,
12/22/18,1545436800,118.36,
12/23/18,1545523200,131.56,
12/24/18,1545609600,140.87,
12/25/18,1545696000,130.99,
12/26/18,1545782400,132.61,
12/27/18,1545868800,116.72,
12/28/18,1545955200,139.73,
12/29/18,1546041600,137.3,
12/30/18,1546128000,141.33,
12/31/18,1546214400,133.49,
1/1/19,1546300800,142.66,
1/2/19,1546387200,156.57,
1/3/19,1546473600,149.44,
1/4/19,1546560000,156.04,
1/5/19,1546646400,156.23,
1/6/19,1546732800,158.61,
1/7/19,1546819200,152.09,
1/8/19,1546905600,151.1,
1/9/19,1546992000,151.17,
1/10/19,1547078400,127.96,
1/11/19,1547164800,127.16,
1/12/19,1547251200,125.83,
1/13/19,1547337600,116.56,
1/14/19,1547424000,129.74,
1/15/19,1547510400,121.22,
1/16/19,1547596800,123.12,
1/17/19,1547683200,123.72,
1/18/19,1547769600,120.57,
1/19/19,1547856000,124.85,
1/20/19,1547942400,118.41,
1/21/19,1548028800,116.72,
1/22/19,1548115200,119.12,
1/23/19,1548201600,117.57,
1/24/19,1548288000,117.7,
1/25/19,1548374400,115.92,
1/26/19,1548460800,116.33,
1/27/19,1548547200,112.27,
1/28/19,1548633600,106.36,
1/29/19,1548720000,104.75,
1/30/19,1548806400,109.04,
1/31/19,1548892800,106.89,
2/1/19,1548979200,107.03,
2/2/19,1549065600,111,
2/3/19,1549152000,107.21,
2/4/19,1549238400,106.9,
2/5/19,1549324800,106.93,
2/6/19,1549411200,104.5,
2/7/19,1549497600,104.3,
2/8/19,1549584000,119.49,
2/9/19,1549670400,119.46,
2/10/19,1549756800,125.58,
2/11/19,1549843200,120.76,
2/12/19,1549929600,122.63,
2/13/19,1550016000,122.31,
2/14/19,1550102400,120.85,
2/15/19,1550188800,122.02,
2/16/19,1550275200,123.26,
2/17/19,1550361600,134.28,
2/18/19,1550448000,146.53,
2/19/19,1550534400,144.4,
2/20/19,1550620800,149.23,
2/21/19,1550707200,146.36,
2/22/19,1550793600,149.04,
2/23/19,1550880000,159.48,
2/24/19,1550966400,133.42,
2/25/19,1551052800,139.02,
2/26/19,1551139200,137.12,
2/27/19,1551225600,135.94,
2/28/19,1551312000,136.29,
3/1/19,1551398400,136.15,
3/2/19,1551484800,133.81,
3/3/19,1551571200,131.21,
3/4/19,1551657600,126.43,
3/5/19,1551744000,137.93,
3/6/19,1551830400,138.49,
3/7/19,1551916800,137.65,
3/8/19,1552003200,134.42,
3/9/19,1552089600,138.24,
3/10/19,1552176000,136.36,
3/11/19,1552262400,133.54,
3/12/19,1552348800,134.37,
3/13/19,1552435200,132.93,
3/14/19,1552521600,132.89,
3/15/19,1552608000,137.63,
3/16/19,1552694400,141.68,
3/17/19,1552780800,139.74,
3/18/19,1552867200,138.5,
3/19/19,1552953600,139.46,
3/20/19,1553040000,140.22,
3/21/19,1553126400,135.61,
3/22/19,1553212800,136.76,
3/23/19,1553299200,137.74,
3/24/19,1553385600,136.21,
3/25/19,1553472000,133.96,
3/26/19,1553558400,134.29,
3/27/19,1553644800,140.23,
3/28/19,1553731200,138.39,
3/29/19,1553817600,144.41,
3/30/19,1553904000,143.29,
3/31/19,1553990400,142.4,
4/1/19,1554076800,141.85,
4/2/19,1554163200,164.93,
4/3/19,1554249600,161.18,
4/4/19,1554336000,158.07,
4/5/19,1554422400,166.39,
4/6/19,1554508800,166.28,
4/7/19,1554595200,175.57,
4/8/19,1554681600,181.06,
4/9/19,1554768000,176.3,
4/10/19,1554854400,177.39,
4/11/19,1554940800,165.24,
4/12/19,1555027200,164.56,
4/13/19,1555113600,164.53,
4/14/19,1555200000,168.68,
4/15/19,1555286400,160.3,
4/16/19,1555372800,166.9,
4/17/19,1555459200,167.02,
4/18/19,1555545600,174.6,
4/19/19,1555632000,174.13,
4/20/19,1555718400,173.96,
4/21/19,1555804800,170.3,
4/22/19,1555891200,171.9,
4/23/19,1555977600,170.66,
4/24/19,1556064000,166.05,
4/25/19,1556150400,152.99,
4/26/19,1556236800,156.45,
4/27/19,1556323200,158.36,
4/28/19,1556409600,158.05,
4/29/19,1556496000,156.69,
4/30/19,1556582400,164.39,
5/1/19,1556668800,161.42,
5/2/19,1556755200,161.29,
5/3/19,1556841600,168.24,
5/4/19,1556928000,163.61,
5/5/19,1557014400,163.94,
5/6/19,1557100800,173.7,
5/7/19,1557187200,168.59,
5/8/19,1557273600,171.42,
5/9/19,1557360000,170.86,
5/10/19,1557446400,172.5,
5/11/19,1557532800,192.44,
5/12/19,1557619200,188.14,
5/13/19,1557705600,195.83,
5/14/19,1557792000,217.16,
5/15/19,1557878400,248.64,
5/16/19,1557964800,264.47,
5/17/19,1558051200,244.84,
5/18/19,1558137600,233.96,
5/19/19,1558224000,260.9,
5/20/19,1558310400,252.1,
5/21/19,1558396800,254.94,
5/22/19,1558483200,243.46,
5/23/19,1558569600,245.6,
5/24/19,1558656000,249.61,
5/25/19,1558742400,251.49,
5/26/19,1558828800,268.26,
5/27/19,1558915200,271.83,
5/28/19,1559001600,271.45,
5/29/19,1559088000,269.6,
5/30/19,1559174400,254.45,
5/31/19,1559260800,267.42,
6/1/19,1559347200,264.71,
6/2/19,1559433600,269.31,
6/3/19,1559520000,249.61,
6/4/19,1559606400,241.1,
6/5/19,1559692800,246.16,
6/6/19,1559779200,249.43,
6/7/19,1559865600,249.54,
6/8/19,1559952000,244.4,
6/9/19,1560038400,231.43,
6/10/19,1560124800,247.96,
6/11/19,1560211200,245.16,
6/12/19,1560297600,263.05,
6/13/19,1560384000,255.09,
6/14/19,1560470400,263.76,
6/15/19,1560556800,269.22,
6/16/19,1560643200,268.53,
6/17/19,1560729600,273.92,
6/18/19,1560816000,264.51,
6/19/19,1560902400,269.01,
6/20/19,1560988800,272.21,
6/21/19,1561075200,296.03,
6/22/19,1561161600,309.41,
6/23/19,1561248000,307.37,
6/24/19,1561334400,311.22,
6/25/19,1561420800,316.53,
6/26/19,1561507200,333.76,
6/27/19,1561593600,294.07,
6/28/19,1561680000,309.37,
6/29/19,1561766400,317.32,
6/30/19,1561852800,290.15,
7/1/19,1561939200,294.17,
7/2/19,1562025600,291.61,
7/3/19,1562112000,302.17,
7/4/19,1562198400,283.1,
7/5/19,1562284800,287.9,
7/6/19,1562371200,287.98,
7/7/19,1562457600,306.43,
7/8/19,1562544000,313.34,
7/9/19,1562630400,307.89,
7/10/19,1562716800,288.64,
7/11/19,1562803200,268.56,
7/12/19,1562889600,275.41,
7/13/19,1562976000,268.94,
7/14/19,1563062400,226.16,
7/15/19,1563148800,228.14,
7/16/19,1563235200,198.71,
7/17/19,1563321600,211.29,
7/18/19,1563408000,226.09,
7/19/19,1563494400,221.28,
7/20/19,1563580800,228.71,
7/21/19,1563667200,225.4,
7/22/19,1563753600,217.22,
7/23/19,1563840000,212.21,
7/24/19,1563926400,216.66,
7/25/19,1564012800,219.41,
7/26/19,1564099200,219.23,
7/27/19,1564185600,219.85,
7/28/19,1564272000,211.15,
7/29/19,1564358400,211.52,
7/30/19,1564444800,209.82,
7/31/19,1564531200,218.7,
8/1/19,1564617600,217.51,
8/2/19,1564704000,217.7,
8/3/19,1564790400,217.73,
8/4/19,1564876800,222.7,
8/5/19,1564963200,233.19,
8/6/19,1565049600,228.7,
8/7/19,1565136000,225.99,
8/8/19,1565222400,221.18,
8/9/19,1565308800,210.47,
8/10/19,1565395200,206.26,
8/11/19,1565481600,216.39,
8/12/19,1565568000,211.28,
8/13/19,1565654400,208.62,
8/14/19,1565740800,186.49,
8/15/19,1565827200,188.24,
8/16/19,1565913600,185.41,
8/17/19,1566000000,185.69,
8/18/19,1566086400,194.77,
8/19/19,1566172800,202.43,
8/20/19,1566259200,196.55,
8/21/19,1566345600,187.32,
8/22/19,1566432000,190.74,
8/23/19,1566518400,194.64,
8/24/19,1566604800,191.08,
8/25/19,1566691200,186.58,
8/26/19,1566777600,188.46,
8/27/19,1566864000,187.17,
8/28/19,1566950400,173.01,
8/29/19,1567036800,168.95,
8/30/19,1567123200,168.52,
8/31/19,1567209600,172.15,
9/1/19,1567296000,171.42,
9/2/19,1567382400,178.76,
9/3/19,1567468800,179.13,
9/4/19,1567555200,175.01,
9/5/19,1567641600,174.38,
9/6/19,1567728000,169.47,
9/7/19,1567814400,178.32,
9/8/19,1567900800,181.67,
9/9/19,1567987200,180.84,
9/10/19,1568073600,180.01,
9/11/19,1568160000,178.48,
9/12/19,1568246400,181.19,
9/13/19,1568332800,181.56,
9/14/19,1568419200,188.9,
9/15/19,1568505600,189.48,
9/16/19,1568592000,197.85,
9/17/19,1568678400,207.9,
9/18/19,1568764800,210.5,
9/19/19,1568851200,221.01,
9/20/19,1568937600,218.26,
9/21/19,1569024000,215.1,
9/22/19,1569110400,211.23,
9/23/19,1569196800,200.97,
9/24/19,1569283200,166.47,
9/25/19,1569369600,170.22,
9/26/19,1569456000,166.06,
9/27/19,1569542400,174.39,
9/28/19,1569628800,174.14,
9/29/19,1569715200,169.68,
9/30/19,1569801600,181.47,
10/1/19,1569888000,176.39,
10/2/19,1569974400,181.06,
10/3/19,1570060800,175.17,
10/4/19,1570147200,176.21,
10/5/19,1570233600,176.9,
10/6/19,1570320000,170.26,
10/7/19,1570406400,180.49,
10/8/19,1570492800,181.09,
10/9/19,1570579200,193.43,
10/10/19,1570665600,191.73,
10/11/19,1570752000,180.94,
10/12/19,1570838400,180.09,
10/13/19,1570924800,181.37,
10/14/19,1571011200,186.96,
10/15/19,1571097600,180.74,
10/16/19,1571184000,174.76,
10/17/19,1571270400,177.5,
10/18/19,1571356800,173.29,
10/19/19,1571443200,172.37,
10/20/19,1571529600,175.84,
10/21/19,1571616000,174.64,
10/22/19,1571702400,171.64,
10/23/19,1571788800,162.72,
10/24/19,1571875200,161.07,
10/25/19,1571961600,181.79,
10/26/19,1572048000,180.16,
10/27/19,1572134400,184.34,
10/28/19,1572220800,182.09,
10/29/19,1572307200,191.11,
10/30/19,1572393600,183.52,
10/31/19,1572480000,182.59,
11/1/19,1572566400,183.4,
11/2/19,1572652800,183.45,
11/3/19,1572739200,181.92,
11/4/19,1572825600,186.49,
11/5/19,1572912000,188.96,
11/6/19,1572998400,191.24,
11/7/19,1573084800,186.54,
11/8/19,1573171200,183.85,
11/9/19,1573257600,185.11,
11/10/19,1573344000,189.29,
11/11/19,1573430400,184.91,
11/12/19,1573516800,187.09,
11/13/19,1573603200,188.1,
11/14/19,1573689600,184.68,
11/15/19,1573776000,180.03,
11/16/19,1573862400,182.61,
11/17/19,1573948800,184.2,
11/18/19,1574035200,178.23,
11/19/19,1574121600,175.96,
11/20/19,1574208000,174.68,
11/21/19,1574294400,161.18,
11/22/19,1574380800,150.22,
11/23/19,1574467200,152.42,
11/24/19,1574553600,140.42,
11/25/19,1574640000,146.22,
11/26/19,1574726400,148,
11/27/19,1574812800,153.05,
11/28/19,1574899200,151.31,
11/29/19,1574985600,154.94,
11/30/19,1575072000,152.2,
12/1/19,1575158400,151.36,
12/2/19,1575244800,149.36,
12/3/19,1575331200,147.73,
12/4/19,1575417600,145.73,
12/5/19,1575504000,148.32,
12/6/19,1575590400,149.06,
12/7/19,1575676800,147.79,
12/8/19,1575763200,151.06,
12/9/19,1575849600,147.68,
12/10/19,1575936000,145.92,
12/11/19,1576022400,145.78,